ID;Name;NeOn ODP;Formalization;Example;OWL constructs;Expressivity
LSP-SC-EN;Lexico Syntactic ODPs corresponding to SubclassOf relation ODP;LP-SC-01;[(NP<subclass>,)* and] NP<subclass> be [CN-CATV] NP<superclass>;An orphan drug is a type of drug / One of the users is the manager;subclassOf, Class (Thing, Nothing);AL
LSP-SC-EN;Lexico Syntactic ODPs corresponding to SubclassOf relation ODP;LP-SC-01;There are QUAN CN-CATV NP<superclass> PARA [(NP<subclass>,)* and] NP<subclass>;There are several kinds of  memory: fast, expensive, short term memory and long-term memory ;subclassOf, Class (Thing, Nothing);AL
LSP-SC-EN;Lexico Syntactic ODPs corresponding to SubclassOf relation ODP;LP-SC-01;[A(n) | QUAN] example of  | CN-CATV NP<superclass> be |include [PARA] [(NP<subclass>,)* and] NP<subclass>;Types of criteria for assessing applications are: quality, safety  and efficacy;subclassOf, Class (Thing, Nothing);AL
LSP-SC-EN;Lexico Syntactic ODPs corresponding to SubclassOf relation ODP;LP-SC-01;NP<superclass> be | CATV [PARA]  [(NP<resource1>, )* and | or ], NP<subclass>;The devices can be classified into categories: FunctionRelated, EneryRelated and BuildingRelated;"rdfs:subClassOf
Class (Thing, Nothing)";AL
LSP-MI-EN; Lexico Syntactic ODPs corresponding to Multiple Inheritance ODP;LP-MI-01;NP<subclass> [can]be NP<superclass> and NP<superclass>;Amphibians are water-living and land-living animals;subclassOf, Class (Thing, Nothing);AL
LSP-EQ-EN;Lexico Syntactic ODPs corresponding to Equivalence relation between Classes ODP;LP-EQ-01;NP<class> be (also | likewise) | know as |call | (refer to as)  NP<class>;"Poison dart frogs are also known as poison-arrow frogs.
";equivalentClass, Class (Thing, Nothing);AL
LSP-OP-EN; Lexico Syntactic ODPs corresponding to Object Property ODP;LP-OP-01;NP<class> VB NEG(be |  have |  CATV |  PART) NP<class>;Engineering project managers participate in writing specifications, researching, and selecting suppliers and materials;Class (Thing, Nothing), someValuesFrom, ObjectProperty;ALE
LSP-OP-EN;Lexico Syntactic ODPs corresponding to Object Property ODP;LP-OP-01;NP<class> [ (VB NEG(be / have / CATV / PART) NP<class>,)* and | or ] VB NEG(be | have | CATV | PART) [(NP<class>,)* and] NP<class>;A smoke sensor performs a sensing and event function //Each interaction pattern can be readable or writable through an endpoint;ObjectProperty, Class (Thing, Nothing), someValuesFrom;ALE
LSP-OP-EN;Lexico Syntactic ODPs corresponding to Object Property ODP;LP-OP-01;VB [(NP<class>,)* and | or ] NP<class> [ADV] PREP [(NP<class>,)* and | or ] NP<class>;It should be possible to define the target of a constraint inside a Permission, Prohibition or Duty/Being able to tie Permission, Prohibition, Duty, and Constraint entities together with an AND, OR or XOR relationship;ObjectProperty, Class (Thing, Nothing), someValuesFrom;ALE
LSP-OP-EN;Lexico Syntactic ODPs corresponding to Object Property ODP;LP-OP-01;[(NP<class>,)* and] NP<class> VB NEG(be | have | CATV | PART) [(NP<class>,)* and] NP<class>;A zone and an adjacent zone share an interface;ObjectProperty, Class (Thing, Nothing), someValuesFrom;ALE
LSP-OP-EN;Lexico Syntactic ODPs corresponding to Object Property ODP;LP-OP-01;List NP<class1> PREP NP<class2>;List all games of a certain Genre;ObjectProperty, Class (Thing, Nothing), someValuesFrom;ALE
LSP-OP-EN;Lexico Syntactic ODPs corresponding to Object Property ODP;LP-OP-01;Where | (How [many]) can | do PRON VB NEG(be | have | CATV | PART) NP<class1>?;Where can I get R software?;ObjectProperty, Class (Thing, Nothing), someValuesFrom;ALE
LSP-OP-EN;Lexico Syntactic ODPs corresponding to Object Property ODP;LP-OP-01;Where | (How [many]) can | do PRON VB NEG(be | have | CATV | PART) NP<class1> PREP NP<class2>?;Where do I get updates for MUSCLE?;ObjectProperty, Class (Thing, Nothing), someValuesFrom;ALE
LSP-OP-EN;Lexico Syntactic ODPs corresponding to Object Property ODP;LP-OP-01;Where | (How [many]) can | do PRON VB NEG(be | have | CATV | PART) NP<class1> PREP NP<class2> VB NEG(be / have / CATV / PART) ?;How can I get problems with multiscan fixed?;ObjectProperty, Class (Thing, Nothing), someValuesFrom;ALE
LSP-OP-EN;Lexico Syntactic ODPs corresponding to Object Property ODP;LP-OP-01;[ADV] Which | What | How | How many | Do | (Be there) [a| any | be] NP<class1> VB [PREP] NP<class2> ?;What items exist in a game?;ObjectProperty, Class (Thing, Nothing), someValuesFrom;ALE
LSP-OP-EN;Lexico Syntactic ODPs corresponding to Object Property ODP;LP-OP-01;What | Which is the relation between NP<class1> and [(NP<class>,)* and] NP<class2>?;What is the relation between organization and devices?;ObjectProperty, Class (Thing, Nothing), someValuesFrom;ALE
LSP-OP-EN;Lexico Syntactic ODPs corresponding to Object Property ODP;LP-OP-01;What be NP<class1> AP<property> NP<class2>?;What are the games similar to this one?;ObjectProperty, Class (Thing, Nothing), someValuesFrom;ALE
LSP-OP-EN;Lexico Syntactic ODPs corresponding to Object Property ODP;LP-OP-01;[ADV] Do NP<class1> PREP NP<class2> VB NEG(be / have / CATV / PART) ?;At what point did the license type of SpikeLI change?;ObjectProperty, Class (Thing, Nothing), someValuesFrom;ALE
LSP-OP-EN;Lexico Syntactic ODPs corresponding to Object Property ODP;LP-OP-01;In what NP<class> be NP<class2> VB NEG(be / have / CATV / PART) ?;In what language was Ringo implemented?;ObjectProperty, Class (Thing, Nothing), someValuesFrom;ALE
LSP-OP-EN;Lexico Syntactic ODPs corresponding to Object Property ODP;LP-OP-01;[Through ] What | Which | How many ÊNP<class1> does NP<class2> VB NEG(be / have / CATV / PART)?;Which properties does a people counting observe?;ObjectProperty, Class (Thing, Nothing), someValuesFrom;ALE
LSP-OP-EN;Lexico Syntactic ODPs corresponding to Object Property ODP;LP-OP-01;(Be there) | (What | How [many] [be]) NP<class1> [PREP] NP<class2> REPRO NP<class3> VB ?;Are there any modification to the clustering algorithm that Weka uses?;ObjectProperty, Class (Thing, Nothing), someValuesFrom;ALE
LSP-OP-EN;Lexico Syntactic ODPs corresponding to Object Property ODP;LP-OP-01;Who be NP<class1> PREP NP<class2>?;Who is the owner of a given device?;ObjectProperty, Class (Thing, Nothing), someValuesFrom;ALE
LSP-OP-EN;Lexico Syntactic ODPs corresponding to Object Property ODP;LP-OP-01;Who do NP<class> VB ?;Who does the player play with?;ObjectProperty, Class (Thing, Nothing), someValuesFrom;ALE
LSP-OP-EN;Lexico Syntactic ODPs corresponding to Object Property ODP;LP-OP-01;Who be NP<class1> PRON VB NP<class2>?;Who are the friends that play other games as well with this player?;ObjectProperty, Class (Thing, Nothing), someValuesFrom;ALE
LSP-OP-EN;Lexico Syntactic ODPs corresponding to Object Property ODP;LP-OP-01;When is NP<class1> PREP NP<class2> AP<property>?;When was the 1.0 version of MUSCLE released?;ObjectProperty, Class (Thing, Nothing), someValuesFrom;ALE
LSP-OP-EN;Lexico Syntactic ODPs corresponding to Object Property ODP;LP-OP-01;Do PRON VB1 NP<class1> VB2 NP<class2>?;Do I need a license key to use Ringo?;ObjectProperty, Class (Thing, Nothing), someValuesFrom;ALE
LSP-OP-EN;Lexico Syntactic ODPs corresponding to Object Property ODP;LP-OP-01;NP<class1> VB1 NEG(be / have / CATV / PART) [QUAN] NP<class2> PREP NP<class3>;An operation may produce output data into output data points;ObjectProperty, Class (Thing, Nothing), someValuesFrom;ALE
LSP-OP-EN;Lexico Syntactic ODPs corresponding to Object Property ODP;LP-OP-01;NP<class1> VB1 NEG(be | have | CATV | PART) NP<class2> [REPRO] VB2 NP<class3>;A service shall specify the device that is offering the service;ObjectProperty, Class (Thing, Nothing), someValuesFrom;ALE
LSP-OP-EN;Lexico Syntactic ODPs corresponding to Object Property ODP;LP-OP-01;NP<class1> VB1 NP<class> PREP NP<class2> VB2;An Assertion policy reflects policy terms that a party believes to have.;ObjectProperty, Class (Thing, Nothing), someValuesFrom;ALE
LSP-OP-EN;Lexico Syntactic ODPs corresponding to Object Property ODP;LP-OP-01;VB1 NP<class1> by VB2 NP<class2>;Extend the temporal constraints by setting a time reference, any period in the rightOperand refers to this point in time.;ObjectProperty, Class (Thing, Nothing), someValuesFrom;ALE
LSP-OP-EN;Lexico Syntactic ODPs corresponding to Object Property ODP;LP-OP-01;NP<class1> VB1 NEG(be / have / CATV / PART) NP<class2> VB2 NP<class3> PREP REPRO NP<class4> VB3 NEG(be / have / CATV / PART);A function represents the functionality necessary toaccomplish the task for which a device is designed;ObjectProperty, Class (Thing, Nothing), someValuesFrom;ALE
LSP-OP-EN;Lexico Syntactic ODPs corresponding to Object Property ODP;LP-OP-01;Do PRON VB1 NEG(be / have / CATV / PART) NP<class1> REPRO VB2 NP<class2>?;Do I know anyone who has used PUMA or processed DXF?;ObjectProperty, Class (Thing, Nothing), someValuesFrom;ALE
LSP-OP-EN;Lexico Syntactic ODPs corresponding to Object Property ODP;LP-OP-01;What NP<class1> VB1 NEG(be / have / CATV / PART) NP<class2> REPRO [(VB2 NP<class3>,)* or]?;What kind of games are owned by players that have certain achievement?;ObjectProperty, Class (Thing, Nothing), someValuesFrom;ALE
LSP-OP-EN;Lexico Syntactic ODPs corresponding to Object Property ODP;LP-OP-01;Can NP<class1> VB1 NEG(be / have / CATV / PART) NP<class2> REPRO VB2 NP<class2> PREP NP<class3>?;Can Dropbox work with data that are output from vsn?;"ObjectProperty
Class (Thing, Nothing)
someValuesFrom";ALE
LSP-OP-EN;Lexico Syntactic ODPs corresponding to Object Property ODP;LP-OP-01;Can PRON VB1 NEG(be / have / CATV / PART) NP<class2> [(PREP NP<class>)*] PREP NP<class3> ?;Can I install Rgraphviz on a university computer? // Can I use some components of ppiStats for my software?;ObjectProperty, Class (Thing, Nothing), someValuesFrom;ALE
LSP-OP-EN;Lexico Syntactic ODPs corresponding to Object Property ODP;LP-OP-01;(What be) | Can NP<class1> VB NEG(be / have / CATV / PART) NP<class2> PREP NP<class3> [(PREP NP<class>)*]?;Can Eclipse export from its proprietary data format to an open format such as csv, txt? //What are the most common genres played by players with a certain character class in a game?;ObjectProperty, Class (Thing, Nothing), someValuesFrom;ALE
LSP-OP-EN;Lexico Syntactic ODPs corresponding to Object Property ODP;LP-OP-01;Which [be] NP<class1> PREP NP<class2> [REPRO] VB NEG(be / have / CATV / PART) NP<class3>?;What are the games where a player can use this item?;ObjectProperty, Class (Thing, Nothing), someValuesFrom;ALE
LSP-OP-EN;Lexico Syntactic ODPs corresponding to Object Property ODP;LP-OP-01;If NP<class> VB NP<class> PREP NP<class>, how VB NP<class>?;If a player is given free item in the game, how likely are they to make an in?app purchase?;ObjectProperty, Class (Thing, Nothing), someValuesFrom;ALE
LSP-OP-EN; Lexico Syntactic ODPs corresponding to Object Property ;LP-OP-01 ;How do PRON VB NP<resource>?;How do I cite SPSS?;ObjectProperty, rdfs:subClassOf, Class (Thing, Nothing), someValuesFrom;ALE
LSP-OP-EN;Lexico Syntactic ODPs corresponding to Object Property ODP;LP-OP-01;ADV VB NP<class> PREP NP<class>, how manu NP<class> VB PRON?;After gaining an item in the game, how many players use it?;ObjectProperty, Class (Thing, Nothing), someValuesFrom;ALE
LSP-OP-EN;Lexico Syntactic ODPs corresponding to Object Property ODP;LP-OP-01;Where do NP<class1> VB1 NEG(be / have / CATV / PART) REPRO VB2 NEG(be / have / CATV / PART) NP<class2>?;Where do the players live who have not made any in?-app purchases?;ObjectProperty, Class (Thing, Nothing), someValuesFrom;ALE
LSP-DP-EN;Lexico Syntactic ODPs corresponding to Datatype Property ODP;LP-DP-01;Property | characteristic | attribute| features of NP<class> be [PARA] [(NP<property>,)* and] NP<property>;Properties of mammals are hair, sweat glands, milk, and giving live birth;Class (Thing, Nothing), someValuesFrom, DatatypeProperty;ALE(D)
LSP-DP-EN;Lexico Syntactic ODPs corresponding to Datatype Property ODP;LP-DP-01;NP<class> be [(AP<property>,)*] and AP<property>;"Metals are lustrous, malleable and good conductors of heat and electricity.
";Class (Thing, Nothing), someValuesFrom, DatatypeProperty;ALE(D)
LSP-DP-EN;Lexico Syntactic ODPs corresponding to Datatype Property ODP;LP-OP-01;"NP<class1> have [CD] attributes [PARA] [(NP<feature>,)* and] NP<feature>    
";Each endpoints has minimun two attributes: URI and mediatype;DatatypeProperty, Class (Thing, Nothing),  someValuesFrom;ALE(D)
LSP-DP-EN;Lexico Syntactic ODPs corresponding to Datatype Property ODP;LP-DP-01;How AP<feature> be NP<class1>?;How reliable is Kakadu?;DatatypeProperty, Class (Thing, Nothing), someValuesFrom;ALE(D)
LSP-DP-EN;Lexico Syntactic ODPs corresponding to Datatype Property ODP;LP-DP-01;Be NP<class1> [PREP] AP<feature>?;Is ppiStats scriptable?;DatatypeProperty, Class (Thing, Nothing), someValuesFrom;ALE(D)
LSP-Di-EN;Lexico Syntactic ODPs corresponding to Disjoint Classes ODP;LP-Di-01;NP<class> differ | be different | be differentiate from NP<class>;Non-opioid agents differ from opioid agents;Class (Thing, Nothing), disjointWith;ALC
LSP-SV-EN;Lexico Syntactic ODPs corresponding to Specified Values ODP;LP-SV-01;NP<feature> can | may be [(AP<value>,)*] or AP<value>;Size may be small, medium, or big;Individual, Class (Thing, Nothing);AL
LSP-PA-EN; Lexico Syntactic ODPs corresponding to Participation ODP;CP-PA-01;NP<object> participate| take part in| be involved in (NP<event>,)* and] NP<event>;Birds build nests;Class (Thing, Nothing), ObjectProperty, someValuesFrom, inverseOf;ALEI
LSP-PCP-EN; Lexico Syntactic ODPs corresponding to Co-participation ODP;CP-PCP-01;(NP<object>,)* and NP<object> participate | (take part) | (be involved) in [(NP<event>,)* and] NP<event>;Aldo Gangemi and Valentina Presutti participate in the ISWC 2007 conference;Class (Thing, Nothing), ObjectProperty, someValuesOf, SymmetricProperty;ALEI
LSP-PCP-EN; Lexico Syntactic ODPs corresponding to Co-participation ODP;CP-PCP-01;NP<object> participate| (take part)| (be involved) with in [(NP<event>,)* and] NP<event>;Action Engine participates with Microsoft at 3GSM World Congress;Class (Thing, Nothing), ObjectProperty, someValuesOf, SymmetricProperty;ALEI
LSP-LO-EN;Lexico Syntactic ODPs corresponding to LocationODP;CP-LO-01;NP<place> be| has (locate | find | set| situate | place| (a site)) in [(NP<location >,)* and] NP<location>;The school is located in Bocas Town;Class (Thing, Nothing), ObjectProperty, someValuesOf;ALE
LSP-OR-EN; Lexico Syntactic ODPs corresponding to Object-Role ODP;CP-OR-01;NP<object> (be used)| work| act| serve as [(NP<role >,)* and] NP<role>;Gold is used as the reflective layer on some high-end CDs;Class (Thing, Nothing), allValuesFrom, ObjectProperty;AL
LSP-CD-EN;Lexico Syntactic Pattern corresponding to Class Definition;;What | Who  | Which be NP<class> ?;What is a servient?;Class (Thing, Nothing);AL
LSP-CD-EN;Lexico Syntactic Pattern corresponding to Class Definition;;Be there [a | any] NP<class>? ;Is there a community development?;Class (Thing, Nothing);AL
LSP-CD-EN;Lexico Syntactic Pattern corresponding to Class Definition;;Which NP<class> be there?;Which devices are there?;Class (Thing, Nothing);AL
LSP-CD-EN;Lexico Syntactic Pattern corresponding to Class Definition;;Which NP<class> can PRON see?;Which devices can I see?;Class (Thing, Nothing);AL
LSP-CD-EN;Lexico Syntactic Pattern corresponding to Class Definition;;Express NP<class>;"Express complex constraints such as 'No use in UK after 7 days'.
";Class (Thing, Nothing);AL
LSP-CD-EN;Lexico Syntactic Pattern corresponding to Class Definition;;Be able | possible to define NP<class>;Being able to define a 'unit-of-count' for duty actions;Class (Thing, Nothing);AL
LSP-CD-EN;Lexico Syntactic Pattern corresponding to Class Definition;;There be NP<class>;There are building elements;Class (Thing, Nothing);AL
LSP-OP-Min-EN;Lexico Syntactic Pattern corresponding to ObjectProperty Minimum Cardinality  related to a Datatype Property or Object Property ODP;;NP<class1> VB NEG(have) (at least CD) | (minimum CD) | (more than CD) | (CD NEG(zero) or more) NP<class2>;A device performs one or more functions;Class (Thing, Nothing), ObjectProperty, minCardinality;ALQ
LSP-OP-Max-EN;Lexico Syntactic Pattern corresponding to ObjectProperty Maximum Cardinality  related to a Datatype Property or Object Property;;NP<class1> VB NEG(have) (at most) | maximum CD NP<class2>;An access mapping can be applied at most to one endpoint;Class (Thing, Nothing), ObjectProperty, maxCardinality ;ALQ
LSP-SYM-EN;Lexico Syntactic Pattern corresponding to Symmetry;;A NP<property> VB between N<class>;A partnership is established between organizations;SymmetricProperty, ObjectProperty, Class (Thing, Nothing);ALI
LSP-U-EN;Lexico Syntactic Pattern corresponding to Union;;NP<class1> VB NP<class2> or [(NP<class>,)* or ] PRON [VB NEG(be)] NP<class3>;A mapping can transform keys to object properties or datatype properties.;unionOf, ObjectProperty, Class (Thing, Nothing);ALU
LSP-INTER-EN;Lexico Syntactic Pattern corresponding to Intersection;;NP<class1> VB NP<class2> REPRO VB NP<class3>;An endpoint can be relative to an endpoint that must not be relative.;ObjectProperty, Class (Thing, Nothing), intersectionOf;ALE
LSP-LO-EN;Lexico Syntactic ODPs  corresponding to LocationODP;LP-OP-01;Where be NP<class> VB?;Where is something located?;rdfs:subClassOf;AL
LSP-COMPL-EN;Lexico Syntactic ODPs  corresponding to complementOf;;Which be NP<class> REPRO VB not NP<class>?;Which are the heliport  that are not under state control?;Class, ObjectProperty, someValuesFrom , complementOf;ALC
LSP-COMPL-EN;Lexico Syntactic ODPs  corresponding to complementOf;;Which be NP<class> REPRO do  not VB  PREP NP<class>?;Which are the heliport  that do not belong to the trans-European transport network?;Class, ObjectProperty, someValuesFrom , complementOf;ALC
LSP-COMPL-EN;Lexico Syntactic ODPs  corresponding to complementOf;;NP<class> can be AP<feature> NP<class> PRON must not be AP<feature> ;An endpoint can be relative to an endpoint that must not be relative;Class, ObjectProperty, someValuesFrom , complementOf;ALC
LSP-DC-SC-EN;Lexico Syntactic ODPs corresponding to Defined Classes and SubclassOf relation ODPs;LP-DC-01 + LP-SC-01;[A| any] NP<subclass> be [a| any] NP<superclass> REPRO VB [(NP<class>,)* and] NP<class>;A device is any machine or component that attaches to a computer;Class (Thing, Nothing), subclassOf;AL
LSP-DC-SC-EN;Lexico Syntactic ODPs corresponding to Defined Classes and SubclassOf relation ODPs;LP-DC-01 + LP-SC-01;[A| any] NP<subclass> be [a| any] NP<superclass> PREP [(NP<class>,)* and| or NP<class;A vegetarian pizza is a pizza without fish or meat;Class (Thing, Nothing), subclassOf;AL
LSP-DC-SC-EN;Lexico Syntactic ODPs corresponding to Defined Classes and SubclassOf relation ODPs;LP-DC-01 + LP-SC-01;[A| any] NP<subclass> REPRO VB [(NP<class>,)* and| or NP<class> be [a] NP<superclass>;A workflow that contains at least one business task is a business plan;Class (Thing, Nothing), subclassOf;AL
LSP-DC-SC-EN;Lexico Syntactic ODPs corresponding to Defined Classes and SubclassOf relation ODPs;LP-DC-01 + LP-SC-01;[A| any] NP<subclass> PREP [(NP<class>,)* and] NP<class> be VB [a] NP<superclass>;Animal with backbones are called vertebrates;Class (Thing, Nothing), subclassOf;AL
LSP-SC-Di-EC-EN; Lexico Syntactic ODPs corresponding to SubclassOf relation, Disjoint Classes, and Exhaustive Classes ODPs;LP-SC-01 + LP-Di-01 + LP-EC-01;NP<superclass> be| CATV [either] NP<subclass> or| and NP<subclass>;Animals are either vertebrates or invertebrates.;Class (Thing, Nothing), subClassOf, someValuesOf, disjointWith;ALC
LSP-SC-Di-EC-EN; Lexico Syntactic ODPs corresponding to SubclassOf relation, Disjoint Classes, and Exhaustive Classes ODPs;LP-SC-01 + LP-Di-01 + LP-EC-01;There are CD CN-CATV NP<superclass> [PARA] [(NP<subclass>,)* and] NP<subclass>;"There are two types of narcotic analgesics: the opiates and the opioids.
";Class (Thing, Nothing), subClassOf, someValuesOf, disjointWith;ALC
LSP-SC-Di-EC-EN; Lexico Syntactic ODPs corresponding to SubclassOf relation, Disjoint Classes, and Exhaustive Classes ODPs;LP-SC-01 + LP-Di-01 + LP-EC-01;NP<superclass> CATV CD CN-CATV [PARA] [(NP<subclass>,)*and] NP <subclass>;Membrane proteins are classified into two major categories, integral proteins and peripheral proteins;Class (Thing, Nothing), subClassOf, someValuesOf, disjointWith;ALC
LSP-SC-Di-EC-EN; Lexico Syntactic ODPs corresponding to SubclassOf relation, Disjoint Classes, and Exhaustive Classes ODPs;LP-SC-01 + LP-Di-01 + LP-EC-01;NP<superclass> be divided | separate in | into CD CN-CATV [PARA] [(NP<subclass >,)* and] NP<subclass>;"Marine mammals are divided into three orders: Carnivora, Sirenia and Cetacea.";Class (Thing, Nothing), subClassOf, someValuesOf, disjointWith;ALC
LSP-OP-UR-EN; Lexico Syntactic ODPs corresponding to Object Property and Universal Restriction ODPs;LP-OP-01 + LP-UR-01;NP<class> VB NEG(be| have| CATV| PART) just | only | exclusively NP<class>;Herbivore eat only plants;Class (Thing, Nothing), subClassOf, allValuesFrom;AL
LSP-Min-OP-EN;Lexico Syntactic Pattern  corresponding to Minimum Cardinality  and Object Property ODP;; NP<class1> VB CD or more  NP<class2>  PREP VB NP<class3>;A device performs one or more functionalities in order to accomplish a particular task;someValuesFrom, maxCardinality, ObjectProperty, Class (Thing, Nothing);ALEQ
 LSP-SC-PW-EN;"Lexico Syntactic ODPs corresponding to SubclassOf ""or"" Simple Part-Whole relation ODPs";LP-SC-01;NP<class> include [(NP<class >,)* and] NP<class>;Arthropods include insects, crustaceans, spiders, scorpions, and centipedes;Class (Thing, Nothing), subClassOf;ALEI
 LSP-SC-PW-EN;"Lexico Syntactic ODPs corresponding to SubclassOf ""or"" Simple Part-Whole relation ODPs";CP-PW-01;NP<class> include [(NP<class >,)* and] NP<class>;Arthropods include insects, crustaceans, spiders, scorpions, and centipedes;Class (Thing, Nothing),  subclassof, someValuesOf, inverseOf;ALEI
 LSP-SC-PW-EN;"Lexico Syntactic ODPs corresponding to SubclassOf ""or"" Simple Part-Whole relation ODPs";LP-SC-01 ;NP<class> be divided | separate in | into [CN] [(NP<class >,)* and] NP<class>;Seed producing plants are divided into angiosperms and gymnosperms;Class (Thing, Nothing), subClassOf;ALEI
 LSP-SC-PW-EN;"Lexico Syntactic ODPs corresponding to SubclassOf ""or"" Simple Part-Whole relation ODPs";CP-PW-01;NP<class> be divided | separate in | into [CN] [(NP<class >,)* and] NP<class>;Seed producing plants are divided into angiosperms and gymnosperms;Class (Thing, Nothing), subClassOf, someValuesOf, inverseOf;ALEI
 LSP-OP-DP-PW-EN;" Lexico Syntactic ODPs corresponding to Object Property ""or"" Datatype Property ""or"" Simple Part-Whole relation ODPs";LP-OP-01 ;NP<class> have NP<class>;Birds have feathers;Class (Thing, Nothing), ObjectProperty someValuesOf;ALE
 LSP-OP-DP-PW-EN;" Lexico Syntactic ODPs corresponding to Object Property ""or"" Datatype Property ""or"" Simple Part-Whole relation ODPs";"
LP-DP-01 ";NP<class> have NP<class>;Birds have feathers;Class (Thing, Nothing), DatatypeProperty, someValuesOf;ALE(D)
 LSP-OP-DP-PW-EN;" Lexico Syntactic ODPs corresponding to Object Property ""or"" Datatype Property ""or"" Simple Part-Whole relation ODPs";"
CP-PW-01";NP<class> have NP<class>;Birds have feathers;Class (Thing, Nothing), ObjectProperty someValuesOf, inverseof;ALEI
LSP-PW-CONS-COM-CE-EN;"Lexico Syntactic ODPs corresponding to Simple Part-Whole relation ""or"" Constituency ""or"" Componency ""or"" Collection-Entity ODPs";CP-PW-01 ;[(NP<part>,)* and] NP<part> PART NP<whole>;Proteins form part of the cell membrane;Class (Thing, Nothing), ObjectProperty, inverseOf, someValuesOf;ALEI
LSP-PW-CONS-COM-CE-EN;"Lexico Syntactic ODPs corresponding to Simple Part-Whole relation ""or"" Constituency ""or"" Componency ""or"" Collection-Entity ODPs";"
CP-CONS-01 ";[(NP<part>,)* and] NP<part> PART NP<whole>;Proteins form part of the cell membrane;Class (Thing, Nothing), ObjectProperty, inverseOf, someValuesOf;ALEI
LSP-PW-CONS-COM-CE-EN;"Lexico Syntactic ODPs corresponding to Simple Part-Whole relation ""or"" Constituency ""or"" Componency ""or"" Collection-Entity ODPs";CP-COM-01 ;[(NP<part>,)* and] NP<part> PART NP<whole>;Proteins form part of the cell membrane;Class (Thing, Nothing), ObjectProperty, inverseOf, someValuesOf;ALEI
LSP-PW-CONS-COM-CE-EN;"Lexico Syntactic ODPs corresponding to Simple Part-Whole relation ""or"" Constituency ""or"" Componency ""or"" Collection-Entity ODPs";"
CP-CE-01";[(NP<part>,)* and] NP<part> PART NP<whole>;Proteins form part of the cell membrane;Class (Thing, Nothing), ObjectProperty, inverseOf, someValuesOf;ALEI
LSP-PW-CONS-COM-CE-EN;"Lexico Syntactic ODPs corresponding to Simple Part-Whole relation ""or"" Constituency ""or"" Componency ""or"" Collection-Entity ODPs";CP-PW-01 ;NP<whole> PART [(NP<part>,)* and] NP<part>;Most clays consist of flat particles;Class (Thing, Nothing), ObjectProperty, inverseOf, someValuesOf;ALEI
LSP-PW-CONS-COM-CE-EN;"Lexico Syntactic ODPs corresponding to Simple Part-Whole relation ""or"" Constituency ""or"" Componency ""or"" Collection-Entity ODPs";"
CP-CONS-01";NP<whole> PART [(NP<part>,)* and] NP<part>;Most clays consist of flat particles;Class (Thing, Nothing), ObjectProperty, inverseOf, someValuesOf;ALEI
LSP-PW-CONS-COM-CE-EN;"Lexico Syntactic ODPs corresponding to Simple Part-Whole relation ""or"" Constituency ""or"" Componency ""or"" Collection-Entity ODPs";"
CP-COM-01 ";NP<whole> PART [(NP<part>,)* and] NP<part>;Most clays consist of flat particles;Class (Thing, Nothing), ObjectProperty, inverseOf, someValuesOf;ALEI
LSP-PW-CONS-COM-CE-EN;"Lexico Syntactic ODPs corresponding to Simple Part-Whole relation ""or"" Constituency ""or"" Componency ""or"" Collection-Entity ODPs";"
CP-CE-01";NP<whole> PART [(NP<part>,)* and] NP<part>;Most clays consist of flat particles;Class (Thing, Nothing), ObjectProperty, inverseOf, someValuesOf;ALEI
LSP-PW-CONS-COM-CE-EN;"Lexico Syntactic ODPs corresponding to Simple Part-Whole relation ""or"" Constituency ""or"" Componency ""or"" Collection-Entity ODPs";CP-PW-01 ;NP<whole> be PART [CD] CN-PART [PARA] [(NP<part>,)* and] NP<part>;A state machine workflow is made up of a set of states, transitions, and actions;Class (Thing, Nothing), ObjectProperty, inverseOf, someValuesOf;ALEI
LSP-PW-CONS-COM-CE-EN;"Lexico Syntactic ODPs corresponding to Simple Part-Whole relation ""or"" Constituency ""or"" Componency ""or"" Collection-Entity ODPs";"
CP-CONS-01 ";NP<whole> be PART [CD] CN-PART [PARA] [(NP<part>,)* and] NP<part>;A state machine workflow is made up of a set of states, transitions, and actions;Class (Thing, Nothing), ObjectProperty, inverseOf, someValuesOf;ALEI
LSP-PW-CONS-COM-CE-EN;"Lexico Syntactic ODPs corresponding to Simple Part-Whole relation ""or"" Constituency ""or"" Componency ""or"" Collection-Entity ODPs";"
CP-COM-01";NP<whole> be PART [CD] CN-PART [PARA] [(NP<part>,)* and] NP<part>;A state machine workflow is made up of a set of states, transitions, and actions;Class (Thing, Nothing), ObjectProperty, inverseOf, someValuesOf;ALEI
LSP-PW-CONS-COM-CE-EN;"Lexico Syntactic ODPs corresponding to Simple Part-Whole relation ""or"" Constituency ""or"" Componency ""or"" Collection-Entity ODPs";"
CP-CE-01";NP<whole> be PART [CD] CN-PART [PARA] [(NP<part>,)* and] NP<part>;A state machine workflow is made up of a set of states, transitions, and actions;Class (Thing, Nothing), ObjectProperty, inverseOf, someValuesOf;ALEI
LSP-PW-CONS-COM-CE-EN;"Lexico Syntactic ODPs corresponding to Simple Part-Whole relation ""or"" Constituency ""or"" Componency ""or"" Collection-Entity ODPs";CP-PW-01 ;CN-PART NP<whole> be [PARA] [(NP<part>,)* and] NP<part>;The parts of a tree are the root, trunk(s), branches, twigs and leaves;Class (Thing, Nothing), ObjectProperty, inverseOf, someValuesOf;ALEI
LSP-PW-CONS-COM-CE-EN;"Lexico Syntactic ODPs corresponding to Simple Part-Whole relation ""or"" Constituency ""or"" Componency ""or"" Collection-Entity ODPs";"
CP-CONS-01 ";CN-PART NP<whole> be [PARA] [(NP<part>,)* and] NP<part>;The parts of a tree are the root, trunk(s), branches, twigs and leaves;Class (Thing, Nothing), ObjectProperty, inverseOf, someValuesOf;ALEI
LSP-PW-CONS-COM-CE-EN;"Lexico Syntactic ODPs corresponding to Simple Part-Whole relation ""or"" Constituency ""or"" Componency ""or"" Collection-Entity ODPs";"
CP-COM-01 ";CN-PART NP<whole> be [PARA] [(NP<part>,)* and] NP<part>;The parts of a tree are the root, trunk(s), branches, twigs and leaves;Class (Thing, Nothing), ObjectProperty, inverseOf, someValuesOf;ALEI
LSP-PW-CONS-COM-CE-EN;"Lexico Syntactic ODPs corresponding to Simple Part-Whole relation ""or"" Constituency ""or"" Componency ""or"" Collection-Entity ODPs";"
CP-CE-01";CN-PART NP<whole> be [PARA] [(NP<part>,)* and] NP<part>;The parts of a tree are the root, trunk(s), branches, twigs and leaves;Class (Thing, Nothing), ObjectProperty, inverseOf, someValuesOf;ALEI
LSP-PW-CONS-COM-CE-EN;"Lexico Syntactic ODPs corresponding to Simple Part-Whole relation ""or"" Constituency ""or"" Componency ""or"" Collection-Entity ODPs";CP-PW-01 ;NP<whole> include| (be divide in| into)| (be separate in| into)CD CN-PART [PARA] [(NP<part>,)* and] NP<part;The cerebrum is divided into two major parts: the right cerebral hemisphere and left cerebral hemisphere;Class (Thing, Nothing), ObjectProperty, inverseOf, someValuesOf;ALEI
LSP-PW-CONS-COM-CE-EN;"Lexico Syntactic ODPs corresponding to Simple Part-Whole relation ""or"" Constituency ""or"" Componency ""or"" Collection-Entity ODPs";"
CP-CONS-01";NP<whole> include| (be divide in| into)| (be separate in| into)CD CN-PART [PARA] [(NP<part>,)* and] NP<part;The cerebrum is divided into two major parts: the right cerebral hemisphere and left cerebral hemisphere;Class (Thing, Nothing), ObjectProperty, inverseOf, someValuesOf;ALEI
LSP-PW-CONS-COM-CE-EN;"Lexico Syntactic ODPs corresponding to Simple Part-Whole relation ""or"" Constituency ""or"" Componency ""or"" Collection-Entity ODPs";CP-COM-01;NP<whole> include| (be divide in| into)| (be separate in| into)CD CN-PART [PARA] [(NP<part>,)* and] NP<part;The cerebrum is divided into two major parts: the right cerebral hemisphere and left cerebral hemisphere;Class (Thing, Nothing), ObjectProperty, inverseOf, someValuesOf;ALEI
LSP-PW-CONS-COM-CE-EN;"Lexico Syntactic ODPs corresponding to Simple Part-Whole relation ""or"" Constituency ""or"" Componency ""or"" Collection-Entity ODPs";CP-CE-01;NP<whole> include| (be divide in| into)| (be separate in| into)CD CN-PART [PARA] [(NP<part>,)* and] NP<part;The cerebrum is divided into two major parts: the right cerebral hemisphere and left cerebral hemisphere;Class (Thing, Nothing), ObjectProperty, inverseOf, someValuesOf;ALEI
LSP-OP-DP-PW-EN;" Lexico Syntactic ODPs corresponding to Object Property ""or"" Datatype Property ""or"" Simple Part-Whole relation ODPs";LP-OP-01 ;NP<resource1> have [(NP<resource>, )* and | or] NP<resource2>;Each interaction pattern has a name and a Web Resource address;ObjectProperty, rdfs:subClassOf, Class (Thing, Nothing), someValuesFrom;ALE
LSP-OP-DP-PW-EN;" Lexico Syntactic ODPs corresponding to Object Property ""or"" Datatype Property ""or"" Simple Part-Whole relation ODPs";"
LP-DP-01 ";NP<resource1> have [(NP<resource>, )* and | or] NP<resource2>;Each interaction pattern has a name and a Web Resource address;Datatypeproperty, rdfs:subClassOf, Class (Thing, Nothing), someValuesFrom;ALE(D)
LSP-OP-DP-PW-EN;" Lexico Syntactic ODPs corresponding to Object Property ""or"" Datatype Property ""or"" Simple Part-Whole relation ODPs";"
CP-PW-01";NP<resource1> have [(NP<resource>, )* and | or] NP<resource2>;Each interaction pattern has a name and a Web Resource address; rdfs:subClassOf, Class (Thing, Nothing);AL
LSP-OP-DP-PW-EN;" Lexico Syntactic ODPs corresponding to Object Property ""or"" Datatype Property ""or"" Simple Part-Whole relation ODPs";LP-OP-01 ;NP<resource> VB NP<resource> shoud specified;In addition to the existing identifiers of a policy means for expressing a version of this policy should specified.;ObjectProperty,rdfs:subClassOf, Class (Thing, Nothing), someValuesFrom;ALE
LSP-OP-DP-PW-EN;" Lexico Syntactic ODPs corresponding to Object Property ""or"" Datatype Property ""or"" Simple Part-Whole relation ODPs";LP-DP-01;NP<resource> VB NP<resource> shoud specified;In addition to the existing identifiers of a policy means for expressing a version of this policy should specified.;Datatypeproperty, rdfs:subClassOf, Class (Thing, Nothing), someValuesFrom;ALE(D)
LSP-OP-DP-PW-EN;" Lexico Syntactic ODPs corresponding to Object Property ""or"" Datatype Property ""or"" Simple Part-Whole relation ODPs";CP-PW-01;NP<resource> VB NP<resource> shoud specified;In addition to the existing identifiers of a policy means for expressing a version of this policy should specified.;rdfs:subClassOf, Class (Thing, Nothing), someValuesFrom, inverseOf;ALEI
LSP-OP-DP-PW-EN;" Lexico Syntactic ODPs corresponding to Object Property ""or"" Datatype Property ""or"" Simple Part-Whole relation ODPs";LP-OP-01 ;Which properties have NP<class1>?;Which properties has a shading device?;ObjectProperty, rdfs:subClassOf, Class (Thing, Nothing), someValuesFrom;ALE
LSP-OP-DP-PW-EN;" Lexico Syntactic ODPs corresponding to Object Property ""or"" Datatype Property ""or"" Simple Part-Whole relation ODPs";"
LP-DP-01 ";Which properties have NP<class1>?;Which properties has a shading device?;Datatypeproperty, rdfs:subClassOf, Class (Thing, Nothing), someValuesFrom;ALE(D)
LSP-OP-DP-PW-EN;" Lexico Syntactic ODPs corresponding to Object Property ""or"" Datatype Property ""or"" Simple Part-Whole relation ODPs";"
CP-PW-01";Which properties have NP<class1>?;Which properties has a shading device?;rdfs:subClassOf, Class (Thing, Nothing), someValuesFrom, inverseOf;ALEI
LSP-OP-DP-PW-EN;" Lexico Syntactic ODPs corresponding to Object Property ""or"" Datatype Property ""or"" Simple Part-Whole relation ODPs";LP-OP-01 ;Which | Can | Do [be] NP<resource> [REPRO] have [( NP<resource>,)* and] NP<resource>?;Which attributes can have a device?;ObjectProperty, rdfs:subClassOf, Class (Thing, Nothing), someValuesFrom;ALE
LSP-OP-DP-PW-EN;" Lexico Syntactic ODPs corresponding to Object Property ""or"" Datatype Property ""or"" Simple Part-Whole relation ODPs";"
LP-DP-01 ";Which | Can | Do [be] NP<resource> [REPRO] have [( NP<resource>,)* and] NP<resource>?;Which attributes can have a device?;Datatypeproperty, rdfs:subClassOf, Class (Thing, Nothing), someValuesFrom;ALE(D)
LSP-OP-DP-PW-EN;" Lexico Syntactic ODPs corresponding to Object Property ""or"" Datatype Property ""or"" Simple Part-Whole relation ODPs";"
CP-PW-01";Which | Can | Do [be] NP<resource> [REPRO] have [( NP<resource>,)* and] NP<resource>?;Which attributes can have a device?;rdfs:subClassOf, Class (Thing, Nothing), someValuesFrom, inverseOf;ALEI
LSP-OP-DP-PW-EN;" Lexico Syntactic ODPs corresponding to Object Property ""or"" Datatype Property ""or"" Simple Part-Whole relation ODPs";LP-OP-01 ;What | Which be NP<resource> PRON have  NP<resource>?;What is the set of datatypes that have a datatype quality X?;ObjectProperty, rdfs:subClassOf, Class (Thing, Nothing), someValuesFrom;ALE
LSP-OP-DP-PW-EN;" Lexico Syntactic ODPs corresponding to Object Property ""or"" Datatype Property ""or"" Simple Part-Whole relation ODPs";"
LP-DP-01 ";What | Which be NP<resource> PRON have  NP<resource>?;What is the set of datatypes that have a datatype quality X?;Datatypeproperty, rdfs:subClassOf, Class (Thing, Nothing), someValuesFrom;ALE(D)
LSP-OP-DP-PW-EN;" Lexico Syntactic ODPs corresponding to Object Property ""or"" Datatype Property ""or"" Simple Part-Whole relation ODPs";"
LP-PW-01 ";What | Which be NP<resource> PRON have  NP<resource>?;What is the set of datatypes that have a datatype quality X?;Datatypeproperty, rdfs:subClassOf, Class (Thing, Nothing), someValuesFrom;ALE(D)
LSP-OP-DP-PW-EN;" Lexico Syntactic ODPs corresponding to Object Property ""or"" Datatype Property ""or"" Simple Part-Whole relation ODPs";LP-OP-01 ;What | Where [be] NP<resource> [PREP] NP<resource> have | be [there]?;What achievements does a game have?;ObjectProperty, rdfs:subClassOf, Class (Thing, Nothing), someValuesFrom;ALE
LSP-OP-DP-PW-EN;" Lexico Syntactic ODPs corresponding to Object Property ""or"" Datatype Property ""or"" Simple Part-Whole relation ODPs";"
LP-DP-01 ";What | Where [be] NP<resource> [PREP] NP<resource> have | be [there]?;What achievements does a game have?;Datatypeproperty, rdfs:subClassOf, Class (Thing, Nothing), someValuesFrom;ALE(D)
LSP-OP-DP-PW-EN;" Lexico Syntactic ODPs corresponding to Object Property ""or"" Datatype Property ""or"" Simple Part-Whole relation ODPs";"
CP-PW-01";What | Where [be] NP<resource> [PREP] NP<resource> have | be [there]?;What achievements does a game have?;rdfs:subClassOf, Class (Thing, Nothing), someValuesFrom, inverseOf;ALEI
LSP-OP-DP-PW-EN;" Lexico Syntactic ODPs corresponding to Object Property ""or"" Datatype Property ""or"" Simple Part-Whole relation ODPs";LP-OP-01 ;How long NP<resource> have PREP?;How long has Jaguar been around?;ObjectProperty, rdfs:subClassOf, Class (Thing, Nothing), someValuesFrom;ALE
LSP-OP-DP-PW-EN;" Lexico Syntactic ODPs corresponding to Object Property ""or"" Datatype Property ""or"" Simple Part-Whole relation ODPs";"
LP-DP-01 ";How long NP<resource> have PREP?;How long has Jaguar been around?;Datatypeproperty, rdfs:subClassOf, Class (Thing, Nothing), someValuesFrom;ALE(D)
LSP-OP-DP-PW-EN;" Lexico Syntactic ODPs corresponding to Object Property ""or"" Datatype Property ""or"" Simple Part-Whole relation ODPs";"
CP-PW-01";How long NP<resource> have PREP?;How long has Jaguar been around?;rdfs:subClassOf, Class (Thing, Nothing), someValuesFrom, inverseOf;ALEI
LSP-OP-DP-PW-EN;" Lexico Syntactic ODPs corresponding to Object Property ""or"" Datatype Property ""or"" Simple Part-Whole relation ODPs";LP-OP-01 ;What | Which attribute [can] have NP<resource>?;Which attributes can have a device?;ObjectProperty, rdfs:subClassOf, Class (Thing, Nothing), someValuesFrom;ALE
LSP-OP-DP-PW-EN;" Lexico Syntactic ODPs corresponding to Object Property ""or"" Datatype Property ""or"" Simple Part-Whole relation ODPs";"
LP-DP-01 ";What | Which attribute [can] have NP<resource>?;Which attributes can have a device?;Datatypeproperty, rdfs:subClassOf, Class (Thing, Nothing), someValuesFrom;ALE(D)
LSP-OP-DP-PW-EN;" Lexico Syntactic ODPs corresponding to Object Property ""or"" Datatype Property ""or"" Simple Part-Whole relation ODPs";"
CP-PW-01";What | Which attribute [can] have NP<resource>?;Which attributes can have a device?;rdfs:subClassOf, Class (Thing, Nothing), someValuesFrom, inverseOf;ALEI
LSP-OP-DP-PW-EN;" Lexico Syntactic ODPs corresponding to Object Property ""or"" Datatype Property ""or"" Simple Part-Whole relation ODPs";LP-OP-01 ;NP<resource1> have [(NP<resource>,)* and | or] NP<resource2> PREP NP<resource3>;All organizations have the same roles in a partnership;ObjectProperty, rdfs:subClassOf, Class (Thing, Nothing), someValuesFrom;ALE
LSP-OP-DP-PW-EN;" Lexico Syntactic ODPs corresponding to Object Property ""or"" Datatype Property ""or"" Simple Part-Whole relation ODPs";"
LP-DP-01 ";NP<resource1> have [(NP<resource>,)* and | or] NP<resource2> PREP NP<resource3>;All organizations have the same roles in a partnership;Datatypeproperty, rdfs:subClassOf, Class (Thing, Nothing), someValuesFrom;ALE(D)
LSP-OP-DP-PW-EN;" Lexico Syntactic ODPs corresponding to Object Property ""or"" Datatype Property ""or"" Simple Part-Whole relation ODPs";"
CP-PW-01";NP<resource1> have [(NP<resource>,)* and | or] NP<resource2> PREP NP<resource3>;All organizations have the same roles in a partnership;rdfs:subClassOf, Class (Thing, Nothing), someValuesFrom, inverseOf;ALEI
LSP-OP-DP-PW-EN;" Lexico Syntactic ODPs corresponding to Object Property ""or"" Datatype Property ""or"" Simple Part-Whole relation ODPs";LP-OP-01 ;NP<resource> NP<resource> provide NP<resource>;For a relativeTimePeriod constraint the rightOperand has to provide a time period as value.;ObjectProperty, rdfs:subClassOf, Class (Thing, Nothing), someValuesFrom;ALE
LSP-OP-DP-PW-EN;" Lexico Syntactic ODPs corresponding to Object Property ""or"" Datatype Property ""or"" Simple Part-Whole relation ODPs";"
LP-DP-01 ";NP<resource> NP<resource> provide NP<resource>;For a relativeTimePeriod constraint the rightOperand has to provide a time period as value.;Datatypeproperty, rdfs:subClassOf, Class (Thing, Nothing), someValuesFrom;ALE(D)
LSP-OP-DP-PW-EN;" Lexico Syntactic ODPs corresponding to Object Property ""or"" Datatype Property ""or"" Simple Part-Whole relation ODPs";"
CP-PW-01";NP<resource> NP<resource> provide NP<resource>;For a relativeTimePeriod constraint the rightOperand has to provide a time period as value.;rdfs:subClassOf, Class (Thing, Nothing), someValuesFrom, inverseOf;ALEI
LSP-OP-DP-PW-EN;" Lexico Syntactic ODPs corresponding to Object Property ""or"" Datatype Property ""or"" Simple Part-Whole relation ODPs";LP-OP-01 ;(What be) | How [many] NP<resource> have NP<resource> [(PREP NP<resource>)*] PREP NP<resource>?;What consumable items does a player have in game?;ObjectProperty, rdfs:subClassOf, Class (Thing, Nothing), someValuesFrom;ALE
LSP-OP-DP-PW-EN;" Lexico Syntactic ODPs corresponding to Object Property ""or"" Datatype Property ""or"" Simple Part-Whole relation ODPs";"
LP-DP-01 ";(What be) | How [many] NP<resource> have NP<resource> [(PREP NP<resource>)*] PREP NP<resource>?;What consumable items does a player have in game?;Datatypeproperty, rdfs:subClassOf, Class (Thing, Nothing), someValuesFrom;ALE(D)
LSP-OP-DP-PW-EN;" Lexico Syntactic ODPs corresponding to Object Property ""or"" Datatype Property ""or"" Simple Part-Whole relation ODPs";"
CP-PW-01";(What be) | How [many] NP<resource> have NP<resource> [(PREP NP<resource>)*] PREP NP<resource>?;What consumable items does a player have in game?;rdfs:subClassOf, Class (Thing, Nothing), someValuesFrom, inverseOf;ALEI
LSP-OP-DP-PW-EN;" Lexico Syntactic ODPs corresponding to Object Property ""or"" Datatype Property ""or"" Simple Part-Whole relation ODPs";LP-OP-01 ;In how many NP<resource> do NP<resource> have NP<resource>?;In how many games does the player have all the achievements?;ObjectProperty, rdfs:subClassOf, Class (Thing, Nothing), someValuesFrom;ALE
LSP-OP-DP-PW-EN;" Lexico Syntactic ODPs corresponding to Object Property ""or"" Datatype Property ""or"" Simple Part-Whole relation ODPs";"
LP-DP-01 ";In how many NP<resource> do NP<resource> have NP<resource>?;In how many games does the player have all the achievements?;Datatypeproperty, rdfs:subClassOf, Class (Thing, Nothing), someValuesFrom;ALE(D)
LSP-OP-DP-PW-EN;" Lexico Syntactic ODPs corresponding to Object Property ""or"" Datatype Property ""or"" Simple Part-Whole relation ODPs";"
CP-PW-01";In how many NP<resource> do NP<resource> have NP<resource>?;In how many games does the player have all the achievements?;rdfs:subClassOf, Class (Thing, Nothing), someValuesFrom, inverseOf;ALEI
LSP-OP-DP-PW-EN;" Lexico Syntactic ODPs corresponding to Object Property ""or"" Datatype Property ""or"" Simple Part-Whole relation ODPs";LP-OP-01 ;How NP<resource> have NP<resource> PREP NP<resource>?;How big percentage of players have a certain item in the game?;ObjectProperty, rdfs:subClassOf, Class (Thing, Nothing), someValuesFrom;ALE
LSP-OP-DP-PW-EN;" Lexico Syntactic ODPs corresponding to Object Property ""or"" Datatype Property ""or"" Simple Part-Whole relation ODPs";"
LP-DP-01 ";How NP<resource> have NP<resource> PREP NP<resource>?;How big percentage of players have a certain item in the game?;Datatypeproperty, rdfs:subClassOf, Class (Thing, Nothing), someValuesFrom;ALE(D)
LSP-OP-DP-PW-EN;" Lexico Syntactic ODPs corresponding to Object Property ""or"" Datatype Property ""or"" Simple Part-Whole relation ODPs";"
CP-PW-01";How NP<resource> have NP<resource> PREP NP<resource>?;How big percentage of players have a certain item in the game?;rdfs:subClassOf, Class (Thing, Nothing), someValuesFrom, inverseOf;ALEI
LSP-OP-DP-PW-EN;" Lexico Syntactic ODPs corresponding to Object Property ""or"" Datatype Property ""or"" Simple Part-Whole relation ODPs";LP-OP-01 ;Which [(NP<resource>,)* and] PREP NP<resource> have NP<resource> COMP?;Which capitals from the population center has a population density higher than x?;ObjectProperty, rdfs:subClassOf, Class (Thing, Nothing), someValuesFrom;ALE
LSP-OP-DP-PW-EN;" Lexico Syntactic ODPs corresponding to Object Property ""or"" Datatype Property ""or"" Simple Part-Whole relation ODPs";"
LP-DP-01 ";Which [(NP<resource>,)* and] PREP NP<resource> have NP<resource> COMP?;Which capitals from the population center has a population density higher than x?;Datatypeproperty, rdfs:subClassOf, Class (Thing, Nothing), someValuesFrom;ALE(D)
LSP-OP-DP-PW-EN;" Lexico Syntactic ODPs corresponding to Object Property ""or"" Datatype Property ""or"" Simple Part-Whole relation ODPs";"
CP-PW-01";Which [(NP<resource>,)* and] PREP NP<resource> have NP<resource> COMP?;Which capitals from the population center has a population density higher than x?;rdfs:subClassOf, Class (Thing, Nothing), someValuesFrom, inverseOf;ALEI
LSP-OP-DP-PW-EN;" Lexico Syntactic ODPs corresponding to Object Property ""or"" Datatype Property ""or"" Simple Part-Whole relation ODPs";LP-OP-01 ;Which [(NP<resource>,)* and] PREP NP<resource> have NP<resource> COMP?;Which capitals from the population center has a population density higher than x?;ObjectProperty, rdfs:subClassOf, Class (Thing, Nothing), someValuesFrom;ALE
LSP-OP-DP-PW-EN;" Lexico Syntactic ODPs corresponding to Object Property ""or"" Datatype Property ""or"" Simple Part-Whole relation ODPs";"
LP-DP-01 ";Which [(NP<resource>,)* and] PREP NP<resource> have NP<resource> COMP?;Which capitals from the population center has a population density higher than x?;Datatypeproperty, rdfs:subClassOf, Class (Thing, Nothing), someValuesFrom;ALE(D)
LSP-OP-DP-PW-EN;" Lexico Syntactic ODPs corresponding to Object Property ""or"" Datatype Property ""or"" Simple Part-Whole relation ODPs";"
LP-PW-01";Which [(NP<resource>,)* and] PREP NP<resource> have NP<resource> COMP?;Which capitals from the population center has a population density higher than x?;rdfs:subClassOf, Class (Thing, Nothing), someValuesFrom, inverseOf;ALEI
LSP-INST-SC-EN;Lexico Syntactic Pattern corresponding to Instance or Subclass definition;;Examples of NP<class1> is | are [PARA] [(NP<resource1>, and)*]NP<resource2>;Examples of properties are temperature, energy or smoke;Individual;AL
LSP-INST-SC-EN;Lexico Syntactic Pattern corresponding to Instance or Subclass definition;LP-SC-01;Examples of NP<class1> is | are [PARA] [(NP<resource1>, and)*]NP<resource2>;Examples of properties are temperature, energy or smoke;Class (Thing, Nothing),rdfs:subClassOf;AL
LSP-INST-SC-EN;Lexico Syntactic Pattern corresponding to Instance or Subclass definition;;[(NP<resource1>,)* and] NP<resource2> is | are examples of NP<class>;Water or gas are examples of commodities;Individual;AL
LSP-INST-SC-EN;Lexico Syntactic Pattern corresponding to Instance or Subclass definition;LP-SC-01;[(NP<resource1>,)* and] NP<resource2> is | are examples of NP<class>;Water or gas are examples of commodities;Class (Thing, Nothing),rdfs:subClassOf;AL
LSP-INST-SC-EN;Lexico Syntactic Pattern corresponding to Instance or Subclass definition;;What type of NP<class> is <instance>?;What type of software is vsn?;Individual;AL
LSP-INST-SC-EN;Lexico Syntactic Pattern corresponding to Instance or Subclass definition;LP-SC-01;What type of NP<class> is <instance>?;What type of software is vsn?;Class (Thing, Nothing),rdfs:subClassOf;AL
LSP-INST-SC-EN;Lexico Syntactic Pattern corresponding to Instance or Subclass definition;;What type is NP<class> of?;What type is the item of?;Individual;AL
LSP-INST-SC-EN;Lexico Syntactic Pattern corresponding to Instance or Subclass definition;LP-SC-01;What type is NP<class> of?;What type is the item of?;Class (Thing, Nothing),rdfs:subClassOf;AL
LSP-INST-SC-EN;Lexico Syntactic Pattern corresponding to Instance or Subclass definition;;Is NP<resource1> NP<class>?;Is the output format of Spotfire proprietary?;Individual;AL
LSP-INST-SC-EN;Lexico Syntactic Pattern corresponding to Instance or Subclass definition;LP-SC-01;Is NP<resource1> NP<class>?;Is the output format of Spotfire proprietary?;Class (Thing, Nothing),rdfs:subClassOf;AL
LSP-INST-SC-EN;Lexico Syntactic Pattern corresponding to Instance or Subclass definition;;Which be NP<class> REPRO be NP<class>?;Which are the FFCC stations that are stopping places;Individual;AL
LSP-INST-SC-EN;Lexico Syntactic Pattern corresponding to Instance or Subclass definition;LP-SC-01;Which be NP<class> REPRO be NP<class>?;Which are the FFCC stations that are stopping places;Class (Thing, Nothing),rdfs:subClassOf;AL
LSP-INST-SC-EN;Lexico Syntactic Pattern corresponding to Instance or Subclass definition;;What are the [possible] types of NP<resource1> [PREP NP<resource2>]?;What are the types of achievements in this game?;Individual;AL
LSP-INST-SC-EN;Lexico Syntactic Pattern corresponding to Instance or Subclass definition;LP-SC-01;What are the [possible] types of NP<resource1> [PREP NP<resource2>]?;What are the types of achievements in this game?;Class (Thing, Nothing),rdfs:subClassOf;AL
LSP-INST-SC-EN;Lexico Syntactic Pattern corresponding to Instance or Subclass definition;;What type of NP<class> are collected?;What types of autonomy assessment data are collected?;Individual;AL
LSP-INST-SC-EN;Lexico Syntactic Pattern corresponding to Instance or Subclass definition;LP-SC-01;What type of NP<class> are collected?;What types of autonomy assessment data are collected?;Class (Thing, Nothing),rdfs:subClassOf;AL
LSP-INST-SC-EN;Lexico Syntactic Pattern corresponding to Instance or Subclass definition;;What are the types of NP<resource1> NP<resource2> have?;What are the types of achievements a game can have?;Individual;AL
LSP-INST-SC-EN;Lexico Syntactic Pattern corresponding to Instance or Subclass definition;LP-SC-01;Is NP<resource1> available as a ÊNP<resource2>?;Is Weka available as a web service?;Class (Thing, Nothing),rdfs:subClassOf;AL
LSP-INST-SC-EN;Lexico Syntactic Pattern corresponding to Instance or Subclass definition;;Is NP<resource1> available as a ÊNP<resource2>?;Is Weka available as a web service?;Individual;AL
LSP-INST-SC-EN;Lexico Syntactic Pattern corresponding to Instance or Subclass definition;LP-SC-01;What are the types of NP<resource1> NP<resource2> have?;What are the types of achievements a game can have?;Class (Thing, Nothing),rdfs:subClassOf;AL
LSP-INT-SC-OP-EN;Lexico Syntactic Pattern  corresponding to Instance or Subclass and Object property ODPs;LP-OP-01 + LP-SC-01;NP<class1> VB  NEG(be / have / CATV / PART) NP<class2> REPRO be a type of NP<class3>;The price is also characterized by a value using currency, which is a type of unit of measure;rdfs:subClassOf, Class (Thing, Nothing), ObjectProperty, someValuesFrom;ALE
LSP-INT-SC-OP-EN;Lexico Syntactic Pattern  corresponding to Instance or Subclass and Object property ODPs;LP-OP-01 + LP-SC-01;NP<class1> VB  NEG(be / have / CATV / PART) NP<class2> REPRO be a type of NP<class3>;The price is also characterized by a value using currency, which is a type of unit of measure;Individual, Class (Thing, Nothing), ObjectProperty, someValuesFrom;ALE
LSP-OP-DP-PW-EN;" Lexico Syntactic ODPs corresponding to Object Property ""or"" Datatype Property ""or"" Simple Part-Whole relation ODPs";LP-OP-01 ;It should be possible to define NP<resource> PREP NP<resource> PREP NP<resource>;It should be possible to define the price for duty/duties of payment for all permissions of a policy in a global way;ObjectProperty, rdfs:subClassOf, Class (Thing, Nothing), someValuesFrom;ALE
LSP-OP-DP-PW-EN;" Lexico Syntactic ODPs corresponding to Object Property ""or"" Datatype Property ";"
LP-DP-01 ";It should be possible to define NP<resource> PREP NP<resource> PREP NP<resource>;It should be possible to define the price for duty/duties of payment for all permissions of a policy in a global way;Datatypeproperty, rdfs:subClassOf, Class (Thing, Nothing), someValuesFrom;ALE(D)
LSP-OP-DP-EN;" Lexico Syntactic ODPs corresponding to Object Property ""or"" Datatype Property ";LP-OP-01 ;Which NP<resource> be there PREP NP<resource>?;Which visualisation software is there for TSV?;ObjectProperty, rdfs:subClassOf, Class (Thing, Nothing), someValuesFrom;ALE
LSP-OP-DP-EN;" Lexico Syntactic ODPs corresponding to Object Property ""or"" Datatype Property ";"
LP-DP-01 ";Which NP<resource> be there PREP NP<resource>?;Which visualisation software is there for TSV?;Datatypeproperty, rdfs:subClassOf, Class (Thing, Nothing), someValuesFrom;ALE(D)
LSP-OP-DP-EN;" Lexico Syntactic ODPs corresponding to Object Property ""or"" Datatype Property ";LP-OP-01 ;Be NP<resource> AP<feature> PREP NP<resource>?;Is Ringo appropriate software for data annotation?;ObjectProperty, rdfs:subClassOf, Class (Thing, Nothing), someValuesFrom;ALE
LSP-OP-DP-EN;" Lexico Syntactic ODPs corresponding to Object Property ""or"" Datatype Property ";"
LP-DP-01 ";Be NP<resource> AP<feature> PREP NP<resource>?;Is Ringo appropriate software for data annotation?;Datatypeproperty, rdfs:subClassOf, Class (Thing, Nothing), someValuesFrom;ALE(D)
LSP-OP-DP-EN;" Lexico Syntactic ODPs corresponding to Object Property ""or"" Datatype Property ";LP-OP-01 ;Be NP<resource> PREP NP<resource>?;Is there a publication with rama?;ObjectProperty, rdfs:subClassOf, Class (Thing, Nothing), someValuesFrom;ALE
LSP-OP-DP-EN;" Lexico Syntactic ODPs corresponding to Object Property ""or"" Datatype Property ";"
LP-DP-01 ";Be NP<resource> PREP NP<resource>?;Is there a publication with rama?;Datatypeproperty, rdfs:subClassOf, Class (Thing, Nothing), someValuesFrom;ALE(D)
LSP-OP-DP-EN;" Lexico Syntactic ODPs corresponding to Object Property ""or"" Datatype Property ";LP-OP-01 ;What be NP<resource> PREP NP<resource>?;What is the licensing history of SLGI?;ObjectProperty, rdfs:subClassOf, Class (Thing, Nothing), someValuesFrom;ALE
LSP-OP-DP-EN;" Lexico Syntactic ODPs corresponding to Object Property ""or"" Datatype Property ";"
LP-DP-01 ";What be NP<resource> PREP NP<resource>?;What is the licensing history of SLGI?;Datatypeproperty, rdfs:subClassOf, Class (Thing, Nothing), someValuesFrom;ALE(D)
LSP-OP-DP-EN;" Lexico Syntactic ODPs corresponding to Object Property ""or"" Datatype Property ";LP-OP-01 ;Can | Do | CN PRON VB NP<resource> ?;Can I render gif if the software supplier goes out of business?;ObjectProperty, rdfs:subClassOf, Class (Thing, Nothing), someValuesFrom;ALE
LSP-OP-DP-EN;" Lexico Syntactic ODPs corresponding to Object Property ""or"" Datatype Property ";"
LP-DP-01 ";Can | Do | CN PRON VB NP<resource> ?;Can I render gif if the software supplier goes out of business?;Datatypeproperty, rdfs:subClassOf, Class (Thing, Nothing), someValuesFrom;ALE(D)
LSP-OP-DP-EN;" Lexico Syntactic ODPs corresponding to Object Property ""or"" Datatype Property ";LP-OP-01;[What | Which | Where ] be there [(NP<resource1>, )* and] NP<resource1> [(PREP NP<resource1>, and)*] PREP NP<resource2> ?;Which are the geometries and maximum levels of the Curvas de Nivel Maestra of bathymetric type?;ObjectProperty, rdfs:subClassOf, Class (Thing, Nothing), someValuesFrom;ALE
LSP-OP-DP-EN;" Lexico Syntactic ODPs corresponding to Object Property ""or"" Datatype Property ";LP-DP-01;[What | Which | Where ] be there [(NP<resource1>, )* and] NP<resource1> [(PREP NP<resource1>, and)*] PREP NP<resource2> ?;Which are the geometries and maximum levels of the Curvas de Nivel Maestra of bathymetric type?;Datatypeproperty, rdfs:subClassOf, Class (Thing, Nothing), someValuesFrom;ALE(D)
